{
    "name": "No Body",
	"description": "You cannot wear any armor",
    "type": "origins:multiple",
    "hidden": false,
    "restrict": {
        "type": "origins:restrict_armor",
        "head": {
            "type": "origins:armor_value",
            "comparison": ">=",
            "compare_to": 0
        },
        "chest": {
            "type": "origins:armor_value",
            "comparison": ">=",
            "compare_to": 0
        },
        "legs": {
            "type": "origins:armor_value",
            "comparison": ">=",
            "compare_to": 0
        },
        "feet": {
            "type": "origins:armor_value",
            "comparison": ">=",
            "compare_to": 0
        }
    }
}