{
    "name": "Flight",
    "description": "You can fly, up to a height of 50 blocks.",
    "type": "origins:multiple",
    "slow": {
        "type": "origins:action_over_time",
        "interval": 5,
        "entity_action": {
            "type": "origins:execute_command",
            "command": "effect give @s minecraft:slow_falling 10 1 true"
        },
        "condition": {
            "type": "origins:creative_flying",
            "inverted": true
        }
    },
    "hover":{
        "type": "origins:creative_flight",
        "condition": {
            "type": "origins:or",
            "conditions": [
                {
                    "type": "origins:command",
                    "command": "execute if block ~ ~-1 ~ minecraft:air",
                    "comparison": "==",
                    "compare_to": 1,
                    "inverted": true
                },
                {
                    "type": "origins:command",
                    "command": "execute if block ~ ~-2 ~ minecraft:air",
                    "comparison": "==",
                    "compare_to": 1,
                    "inverted": true
                },
                {
                    "type": "origins:command",
                    "command": "execute if block ~ ~-3 ~ minecraft:air",
                    "comparison": "==",
                    "compare_to": 1,
                    "inverted": true
                },
                {
                    "type": "origins:command",
                    "command": "execute if block ~ ~-4 ~ minecraft:air",
                    "comparison": "==",
                    "compare_to": 1,
                    "inverted": true
                },
                {
                    "type": "origins:command",
                    "command": "execute if block ~ ~-5 ~ minecraft:air",
                    "comparison": "==",
                    "compare_to": 1,
                    "inverted": true
                },
                {
                    "type": "origins:command",
                    "command": "execute if block ~ ~-6 ~ minecraft:air",
                    "comparison": "==",
                    "compare_to": 1,
                    "inverted": true
                },
                {
                    "type": "origins:command",
                    "command": "execute if block ~ ~-7 ~ minecraft:air",
                    "comparison": "==",
                    "compare_to": 1,
                    "inverted": true
                },
                {
                    "type": "origins:command",
                    "command": "execute if block ~ ~-8 ~ minecraft:air",
                    "comparison": "==",
                    "compare_to": 1,
                    "inverted": true
                },
                {
                    "type": "origins:command",
                    "command": "execute if block ~ ~-9 ~ minecraft:air",
                    "comparison": "==",
                    "compare_to": 1,
                    "inverted": true
                },
                {
                    "type": "origins:command",
                    "command": "execute if block ~ ~-10 ~ minecraft:air",
                    "comparison": "==",
                    "compare_to": 1,
                    "inverted": true
                },
                {
                    "type": "origins:command",
                    "command": "execute if block ~ ~-11 ~ minecraft:air",
                    "comparison": "==",
                    "compare_to": 1,
                    "inverted": true
                },
                {
                    "type": "origins:command",
                    "command": "execute if block ~ ~-12 ~ minecraft:air",
                    "comparison": "==",
                    "compare_to": 1,
                    "inverted": true
                },
                {
                    "type": "origins:command",
                    "command": "execute if block ~ ~-13 ~ minecraft:air",
                    "comparison": "==",
                    "compare_to": 1,
                    "inverted": true
                },
                {
                    "type": "origins:command",
                    "command": "execute if block ~ ~-14 ~ minecraft:air",
                    "comparison": "==",
                    "compare_to": 1,
                    "inverted": true
                },
                {
                    "type": "origins:command",
                    "command": "execute if block ~ ~-15 ~ minecraft:air",
                    "comparison": "==",
                    "compare_to": 1,
                    "inverted": true
                },
                {
                    "type": "origins:command",
                    "command": "execute if block ~ ~-16 ~ minecraft:air",
                    "comparison": "==",
                    "compare_to": 1,
                    "inverted": true
                },
                {
                    "type": "origins:command",
                    "command": "execute if block ~ ~-17 ~ minecraft:air",
                    "comparison": "==",
                    "compare_to": 1,
                    "inverted": true
                },
                {
                    "type": "origins:command",
                    "command": "execute if block ~ ~-18 ~ minecraft:air",
                    "comparison": "==",
                    "compare_to": 1,
                    "inverted": true
                },
                {
                    "type": "origins:command",
                    "command": "execute if block ~ ~-19 ~ minecraft:air",
                    "comparison": "==",
                    "compare_to": 1,
                    "inverted": true
                },
                {
                    "type": "origins:command",
                    "command": "execute if block ~ ~-20 ~ minecraft:air",
                    "comparison": "==",
                    "compare_to": 1,
                    "inverted": true
                },
                {
                    "type": "origins:command",
                    "command": "execute if block ~ ~-31 ~ minecraft:air",
                    "comparison": "==",
                    "compare_to": 1,
                    "inverted": true
                },
                {
                    "type": "origins:command",
                    "command": "execute if block ~ ~-32 ~ minecraft:air",
                    "comparison": "==",
                    "compare_to": 1,
                    "inverted": true
                },
                {
                    "type": "origins:command",
                    "command": "execute if block ~ ~-33 ~ minecraft:air",
                    "comparison": "==",
                    "compare_to": 1,
                    "inverted": true
                },
                {
                    "type": "origins:command",
                    "command": "execute if block ~ ~-34 ~ minecraft:air",
                    "comparison": "==",
                    "compare_to": 1,
                    "inverted": true
                },
                {
                    "type": "origins:command",
                    "command": "execute if block ~ ~-35 ~ minecraft:air",
                    "comparison": "==",
                    "compare_to": 1,
                    "inverted": true
                },
                {
                    "type": "origins:command",
                    "command": "execute if block ~ ~-36 ~ minecraft:air",
                    "comparison": "==",
                    "compare_to": 1,
                    "inverted": true
                },
                {
                    "type": "origins:command",
                    "command": "execute if block ~ ~-37 ~ minecraft:air",
                    "comparison": "==",
                    "compare_to": 1,
                    "inverted": true
                },
                {
                    "type": "origins:command",
                    "command": "execute if block ~ ~-38 ~ minecraft:air",
                    "comparison": "==",
                    "compare_to": 1,
                    "inverted": true
                },
                {
                    "type": "origins:command",
                    "command": "execute if block ~ ~-39 ~ minecraft:air",
                    "comparison": "==",
                    "compare_to": 1,
                    "inverted": true
                },
                {
                    "type": "origins:command",
                    "command": "execute if block ~ ~-40 ~ minecraft:air",
                    "comparison": "==",
                    "compare_to": 1,
                    "inverted": true
                },
                {
                    "type": "origins:command",
                    "command": "execute if block ~ ~-41 ~ minecraft:air",
                    "comparison": "==",
                    "compare_to": 1,
                    "inverted": true
                },
                {
                    "type": "origins:command",
                    "command": "execute if block ~ ~-42 ~ minecraft:air",
                    "comparison": "==",
                    "compare_to": 1,
                    "inverted": true
                },
                {
                    "type": "origins:command",
                    "command": "execute if block ~ ~-43 ~ minecraft:air",
                    "comparison": "==",
                    "compare_to": 1,
                    "inverted": true
                },
                {
                    "type": "origins:command",
                    "command": "execute if block ~ ~-44 ~ minecraft:air",
                    "comparison": "==",
                    "compare_to": 1,
                    "inverted": true
                },
                {
                    "type": "origins:command",
                    "command": "execute if block ~ ~-45 ~ minecraft:air",
                    "comparison": "==",
                    "compare_to": 1,
                    "inverted": true
                },
                {
                    "type": "origins:command",
                    "command": "execute if block ~ ~-46 ~ minecraft:air",
                    "comparison": "==",
                    "compare_to": 1,
                    "inverted": true
                },
                {
                    "type": "origins:command",
                    "command": "execute if block ~ ~-47 ~ minecraft:air",
                    "comparison": "==",
                    "compare_to": 1,
                    "inverted": true
                },
                {
                    "type": "origins:command",
                    "command": "execute if block ~ ~-48 ~ minecraft:air",
                    "comparison": "==",
                    "compare_to": 1,
                    "inverted": true
                },
                {
                    "type": "origins:command",
                    "command": "execute if block ~ ~-49 ~ minecraft:air",
                    "comparison": "==",
                    "compare_to": 1,
                    "inverted": true
                },
                {
                    "type": "origins:command",
                    "command": "execute if block ~ ~-50 ~ minecraft:air",
                    "comparison": "==",
                    "compare_to": 1,
                    "inverted": true
                }
            ]
        }
    }
}