{
    "name": "Molten Flesh",
    "description": "You occasionally, accidentaly light fires.",
    "type": "origins:multiple",
    "chance":{
        "type": "origins:action_over_time",
        "interval": 20,
        "entity_action": {
            "type": "origins:chance",
            "chance": 0.01,
            "action": {
                "type": "origins:execute_command",
                "command": "fill ~ ~ ~ ~ ~ ~ minecraft:fire replace minecraft:air"
            }
        }
    }
}