{
    "name": "Magma Exterior",
    "description": "When you hit something or are hit, the other entity is lit on fire.",
    "type": "origins:multiple",
    "hit": {
        "type": "origins:target_action_on_hit",
        "cooldown": 20,
        "entity_action": {
            "type": "origins:set_on_fire",
            "duration": 4
        }
    },
    "whenhit": {
        "type": "origins:attacker_action_when_hit",
        "cooldown": 20,
        "entity_action": {
            "type": "origins:set_on_fire",
            "duration": 4
        }
    }
}