{
    "name": "Extinguish",
    "description": "You are damaged by water.",
    "type": "origins:multiple",
    "damage": {
        "type": "origins:action_over_time",
        "interval": 20,
        "condition": {
            "type": "origins:in_block",
            "block_condition": {
                "type": "origins:block",
                "block": "minecraft:water"
            }
        },
        "entity_action": {
            "type": "origins:damage",
            "amount": 1,
            "source": {
                "name": "freeze"
            }
        }
    }
}