{
    "name": "Eyes of darkness",
    "description": "You can see in the dark but are blinded by light.",
    "type": "origins:multiple",
    "vision": {
        "type": "origins:night_vision",
        "condition": {
            "type": "origins:in_block",
            "block_condition": {
                "type": "origins:light_level",
                "comparison": "<=",
                "compare_to": 8
            }
        }
    },
    "light": {
        "type": "origins:stacking_status_effect",
        "min_stacks": 0,
        "max_stacks": 1,
        "duration_per_stack": 100,
        "effects": [
            {
                "effect": "minecraft:darkness",
                "amplifier": 0,
                "is_ambient": true,
                "show_particles": false,
                "show_icon": false
            }
            
        ],
        "condition": {
            "type": "origins:in_block",
            "block_condition": {
                "type": "origins:light_level",
                "comparison": ">",
                "compare_to": 8
            }
        }
    }
}