{
    "name": "Hulking",
	"description": "You have more health but cannot wear any armor.",
    "type": "origins:multiple",
    "hidden": false,
    "health": {
        "type": "origins:attribute",
        "modifier": {
            "attribute": "minecraft:generic.max_health",
            "value": 40,
            "operation": "addition"
        }
    },
    "restrict": {
        "type": "origins:restrict_armor",
        "head": {
            "type": "origins:ingredient",
            "ingredient": {
                "item": "minecraft:turtle_helmet"
            },
            "inverted": true
        },
        "chest": {
            "type": "origins:ingredient",
            "ingredient": {
                "item": "minecraft:elytra"
            },
            "inverted": true
        },
        "legs": {
            "type": "origins:armor_value",
            "comparison": ">=",
            "compare_to": 0
        },
        "feet": {
            "type": "origins:armor_value",
            "comparison": ">=",
            "compare_to": 0
        }
    }
}