{
    "name": "Brute",
	"description": "You have strength 6.",
    "type": "origins:multiple",
    "hidden": false,
    "strength": {
        "type": "origins:action_over_time",
        "interval": 20,
        "entity_action": {
            "type": "origins:and",
            "actions": [
                {
                    "type": "origins:execute_command",
                    "command": "effect give @s minecraft:strength infinite 6 true"
                },
                {
                    "type": "origins:execute_command",
                    "command": "effect give @s minecraft:resistance infinite 1 true"
                }
            ]
        }
    }
}