{
    "type": "origins:action_on_callback",
    "execute_chosen_when_orb": true,
    "entity_action_lost": {
        "type": "origins:and",
        "actions": [
            {
                "type": "origins:execute_command",
                "command": "scale reset"
            }
        ]
        
    },
    "entity_action_added": {
        "type": "origins:and",
        "actions": [
            {
                "type": "origins:execute_command",
                "command": "scale set 2.2"
            }
        ]
    },
"name": "Tall",
"description": "You are 3 and a bit blocks tall."
}