{
    "name": "Armor",
	"description": "You are your armor. Your health is tied to it.",
    "type": "origins:multiple",
    "hidden": false,
    "heal": {
        "cooldown": 1,
        "type": "origins:action_when_damage_taken",
        "entity_action": {
            "type": "origins:and",
            "actions": [
                {
                    "type": "origins:heal",
                    "amount": 30
                },
                {
                    "type": "origins:feed",
                    "food": 20,
                    "saturation": 20
                    
                },
                {
                    "type": "origins:gain_air",
                    "value": 220
                }
            ]
        }
    },
    "death": {
        "type": "origins:prevent_death",
        "damage_condition": {
            "type": "origins:amount",
            "comparison": "<=",
            "compare_to": 1000
        }
    },
    "kill": {
        "type": "origins:action_over_time",
        "interval": 50,
        "entity_action": {
            "type": "origins:damage",
            "source": {
                "name": "even_more_magic"
            },
            "amount": 10000
        },
        "condition": {
            "type": "origins:and",
            "conditions": [
                {
                    "type": "origins:equipped_item",
                    "equipment_slot": "head",
                    "item_condition": {
                        "type": "origins:and",
                        "conditions": [
                            {
                                "type": "origins:empty"
                            }
                        ]
                    }
                },
                {
                    "type": "origins:equipped_item",
                    "equipment_slot": "chest",
                    "item_condition": {
                        "type": "origins:and",
                        "conditions": [
                            {
                                "type": "origins:empty"
                            }
                        ]
                    }
                },
                {
                    "type": "origins:equipped_item",
                    "equipment_slot": "legs",
                    "item_condition": {
                        "type": "origins:and",
                        "conditions": [
                            {
                                "type": "origins:empty"
                            }
                        ]
                    }
                },
                {
                    "type": "origins:equipped_item",
                    "equipment_slot": "feet",
                    "item_condition": {
                        "type": "origins:and",
                        "conditions": [
                            {
                                "type": "origins:empty"
                            }
                        ]
                    }
                }
            ]
        }
    },
    "prevent": {
        "type": "origins:restrict_armor",
        "head": {
            "type": "origins:and",
            "inverted": true,
            "conditions": [
                {
                    "type": "origins:enchantment",
                    "enchantment": "minecraft:binding_curse",
                    "comparison": ">=",
                    "compare_to": 1
                },
                {
                    "type": "origins:enchantment",
                    "enchantment": "minecraft:vanishing_curse",
                    "comparison": ">=",
                    "compare_to": 1
                },
                {
                    "type": "origins:ingredient",
                    "ingredient": {
                        "item": "minecraft:netherite_helmet"
                    }
                }
            ]
        },
        "chest": {
            "type": "origins:and",
            "inverted": true,
            "conditions": [
                {
                    "type": "origins:enchantment",
                    "enchantment": "minecraft:binding_curse",
                    "comparison": ">=",
                    "compare_to": 1
                },
                {
                    "type": "origins:enchantment",
                    "enchantment": "minecraft:vanishing_curse",
                    "comparison": ">=",
                    "compare_to": 1
                },
                {
                    "type": "origins:ingredient",
                    "ingredient": {
                        "item": "minecraft:netherite_chestplate"
                    }
                }
            ]
        },
        "legs": {
            "type": "origins:and",
            "inverted": true,
            "conditions": [
                {
                    "type": "origins:enchantment",
                    "enchantment": "minecraft:binding_curse",
                    "comparison": ">=",
                    "compare_to": 1
                },
                {
                    "type": "origins:enchantment",
                    "enchantment": "minecraft:vanishing_curse",
                    "comparison": ">=",
                    "compare_to": 1
                },
                {
                    "type": "origins:ingredient",
                    "ingredient": {
                        "item": "minecraft:netherite_leggings"
                    }
                }
            ]
        },
        "feet": {
            "type": "origins:and",
            "inverted": true,
            "conditions": [
                {
                    "type": "origins:enchantment",
                    "enchantment": "minecraft:binding_curse",
                    "comparison": ">=",
                    "compare_to": 1
                },
                {
                    "type": "origins:enchantment",
                    "enchantment": "minecraft:vanishing_curse",
                    "comparison": ">=",
                    "compare_to": 1
                },
                {
                    "type": "origins:ingredient",
                    "ingredient": {
                        "item": "minecraft:netherite_boots"
                    }
                }
            ]
        }
    },
    "spawn": {
        "type": "origins:action_on_callback",
        "entity_action_respawned": {
            "type": "origins:delay",
            "action": {
                "type": "origins:and",
                "actions": [
                    {
                        "type": "origins:execute_command",
                        "command": "item replace entity @s armor.head with netherite_helmet{HideFlags:1,Enchantments:[{id:\"minecraft:binding_curse\",lvl:1s},{id:\"minecraft:unbreaking\",lvl:1s},{id:\"minecraft:vanishing_curse\",lvl:1s}]} 1"
                    },
                    {
                        "type": "origins:execute_command",
                        "command": "item replace entity @s armor.chest with netherite_chestplate{HideFlags:1,Enchantments:[{id:\"minecraft:binding_curse\",lvl:1s},{id:\"minecraft:unbreaking\",lvl:1s},{id:\"minecraft:vanishing_curse\",lvl:1s}]} 1"
                    },
                    {
                        "type": "origins:execute_command",
                        "command": "item replace entity @s armor.legs with netherite_leggings{HideFlags:1,Enchantments:[{id:\"minecraft:binding_curse\",lvl:1s},{id:\"minecraft:unbreaking\",lvl:1s},{id:\"minecraft:vanishing_curse\",lvl:1s}]} 1"
                    },
                    {
                        "type": "origins:execute_command",
                        "command": "item replace entity @s armor.feet with netherite_boots{HideFlags:1,Enchantments:[{id:\"minecraft:binding_curse\",lvl:1s},{id:\"minecraft:unbreaking\",lvl:1s},{id:\"minecraft:vanishing_curse\",lvl:1s}]} 1"
                    }
                ]
            },
            "ticks": 10
        },
        "entity_action_chosen": {
            "type": "origins:delay",
            "action": {
                "type": "origins:and",
                "actions": [
                    {
                        "type": "origins:execute_command",
                        "command": "item replace entity @s armor.head with netherite_helmet{HideFlags:1,Enchantments:[{id:\"minecraft:binding_curse\",lvl:1s},{id:\"minecraft:unbreaking\",lvl:1s},{id:\"minecraft:vanishing_curse\",lvl:1s}]} 1"
                    },
                    {
                        "type": "origins:execute_command",
                        "command": "item replace entity @s armor.chest with netherite_chestplate{HideFlags:1,Enchantments:[{id:\"minecraft:binding_curse\",lvl:1s},{id:\"minecraft:unbreaking\",lvl:1s},{id:\"minecraft:vanishing_curse\",lvl:1s}]} 1"
                    },
                    {
                        "type": "origins:execute_command",
                        "command": "item replace entity @s armor.legs with netherite_leggings{HideFlags:1,Enchantments:[{id:\"minecraft:binding_curse\",lvl:1s},{id:\"minecraft:unbreaking\",lvl:1s},{id:\"minecraft:vanishing_curse\",lvl:1s}]} 1"
                    },
                    {
                        "type": "origins:execute_command",
                        "command": "item replace entity @s armor.feet with netherite_boots{HideFlags:1,Enchantments:[{id:\"minecraft:binding_curse\",lvl:1s},{id:\"minecraft:unbreaking\",lvl:1s},{id:\"minecraft:vanishing_curse\",lvl:1s}]} 1"
                    }
                ]
            },
            "ticks": 10
        },
        "entity_action_lost": {
            "type": "origins:and",
            "actions": [
                {
                    "type": "origins:replace_inventory",
                    "inventory_type": "inventory",
                    "slot": "armor.head",
                    "stack": {
                        "item": "minecraft:air"
                    }
                },
                {
                    "type": "origins:replace_inventory",
                    "inventory_type": "inventory",
                    "slot": "armor.chest",
                    "stack": {
                        "item": "minecraft:air"
                    }
                },
                {
                    "type": "origins:replace_inventory",
                    "inventory_type": "inventory",
                    "slot": "armor.legs",
                    "stack": {
                        "item": "minecraft:air"
                    }
                },
                {
                    "type": "origins:replace_inventory",
                    "inventory_type": "inventory",
                    "slot": "armor.feet",
                    "stack": {
                        "item": "minecraft:air"
                    }
                }
            ]
        }
    }
}