{
    "name": "Confusing Gaze",
    "description": "When you look at a creature they become confused(nausea)",
    "type": "origins:multiple",
    "feed": {
        "type": "origins:action_over_time",
        "interval": 10,
        
        "entity_action": {
            "type": "origins:and",
            "actions": [
                {
                    "type": "origins:raycast",
                    "bientity_condition": {
                        "type": "origins:can_see"
                    },
                    "distance": 30,
                    "bientity_action": {
                        "type": "origins:target_action",
                        "action": {
                            "type": "origins:apply_effect",
                            "effect": {
                                "effect": "minecraft:nausea",
                                "amplifier": 0,
                                "duration": 100,
                                "is_ambient": false,
                                "show_icon": false,
                                "show_particles": false
                            }
                        }
                    }
                }
            ]
        }
    }
}