{
    "name": "Tunneler",
    "description": "You can tunnel through all stone and dirt. You will not get the blocks.",
    "type": "origins:multiple",
    "toggle": {
        "type": "origins:toggle",
        "key": "key.origins.primary_active",
        "active_by_default": false,
        "retain_state": false
    },
    "break": {
        "type": "origins:action_over_time",
        "interval": 2,
        "condition": {
            "type": "origins:power_active",
            "power": "*:*_toggle"
        },
        "entity_action": {
            "type": "origins:and",
            "actions": [
                {
                    "type": "origins:raycast",
                    "distance": 3,
                    "command_along_ray": "fill ~-1 ~-2 ~-1 ~1 ~1 ~1 air replace #origins:natural_stone",
                    "block": false,
                    "entity": false,
                    "fluid_handling": "none",
                    "command_step": 1
                },
                {
                    "type": "origins:raycast",
                    "distance": 3,
                    "command_along_ray": "fill ~-1 ~-2 ~-1 ~1 ~1 ~1 air replace #minecraft:dirt",
                    "block": false,
                    "entity": false,
                    "fluid_handling": "none",
                    "command_step": 1
                }
            ]
        }
    }
}