{
    "hidden": true,
    "type": "origins:multiple",
    "health":{
        "type": "origins:attribute",
        "modifier": {
            "name": "Max health increase",
            "attribute": "minecraft:generic.max_health",
            "value": 4,
            "operation": "addition"
        }
    },
    "speed":{
        "type": "origins:attribute",
        "modifier": {
            "name": "Max health increase",
            "attribute": "minecraft:generic.movement_speed",
            "value": 0.15,
            "operation": "addition"
        }
    },
    "attackspeed":{
        "type": "origins:attribute",
        "modifier": {
            "name": "Max health increase",
            "attribute": "minecraft:generic.attack_speed",
            "value": 6,
            "operation": "addition"
        }
    },
    "armor":{
        "type": "origins:attribute",
        "modifier": {
            "name": "Max health increase",
            "attribute": "minecraft:generic.armor",
            "value": 4,
            "operation": "addition"
        }
    },
    "mining":{
        "type": "origins:action_on_callback",
        "execute_chosen_when_orb": true,
        "entity_action_lost": {
            "type": "origins:and",
            "actions": [
                {
                    "type": "origins:execute_command",
                    "command": "scale set pehkui:mining_speed 0.8"
                }
            ]
            
        },
        "entity_action_added": {
            "type": "origins:and",
            "actions": [
                {
                    "type": "origins:execute_command",
                    "command": "scale set pehkui:mining_speed 1.25"
                }
            ]
        }
    }
}