{
    "type": "origins:action_on_callback",
    "execute_chosen_when_orb": true,
    "entity_action_lost": {
        "type": "origins:and",
        "actions": [
            {
                "type": "origins:execute_command",
                "command": "scale reset"
            }
        ]
        
    },
    "entity_action_added": {
        "type": "origins:and",
        "actions": [
            {
                "type": "origins:execute_command",
                "command": "scale set pehkui:height 0.5"
            },
            {
                "type": "origins:execute_command",
                "command": "scale set pehkui:width 0.5"
            },
            {
                "type": "origins:execute_command",
                "command": "scale set pehkui:mining_speed 1.25"
            },
            {
                "type": "origins:execute_command",
                "command": "scale set pehkui:jump_height 1.25"
            }
        ]
    },
"name": "Short",
"description": "You are 1 block tall."
}