{
    "name": "Home in Limbo",
    "description": "When you fall in the end you teleport to the surface of the end.",
    "type": "origins:multiple",
    "fall": {
        "type": "origins:action_over_time",
        "interval": 2,
        "condition": {
            "type": "origins:and",
            "conditions": [
                {
                    "type": "origins:in_block",
                    "block_condition": {
                        "type": "origins:height",
                        "comparison": "<=",
                        "compare_to": -50
                    }
                },
                {
                    "type": "origins:dimension",
                    "dimension": "minecraft:the_end"
                }
            ]
        },
        "entity_action": {
            "type": "origins:and",
            "actions": [
                {
                    "type": "origins:execute_command",
                    "command": "effect give @s minecraft:resistance 5 5"
                },
                {
                    "type": "origins:execute_command",
                    "command": "spreadplayers ~ ~ 0 60 false @s"
                }
            ]
        }
    }
}