{
    "name": "Boost",
	"description": "You can use your [Primary] to boost forward. Landing will deal damage to nearby entities.",
    "type": "origins:multiple",
    "hidden": false,
    "kinetic": {
        "type": "origins:modify_damage_taken",
        "damage_condition": {
            "type": "origins:name",
            "name": "flyIntoWall"
        },
        "modifier": {
            "operation": "multiply_total_multiplicative",
            "value": -0.99
        }
    },
    "fall": {
        "type": "origins:modify_damage_taken",
        "damage_condition": {
            "type": "origins:name",
            "name": "fall"
        },
        "modifier": {
            "operation": "multiply_total_multiplicative",
            "value": -0.99
        }
    },
    "boost": {
        "type": "origins:active_self",
        "key": {
            "key": "key.origins.primary_active",
            "continuous": true
        },
        "entity_action": {
            "type": "origins:add_velocity",
            "space": "local",
            "z": 3
        },
        "cooldown": 100,
        "hud_render": {
            "sprite_location": "origins:textures/gui/resource_bar.png",
            "bar_index": 4
        }
    },
    "blast": {
        "type": "origins:action_when_damage_taken",
        "cooldown": 10,
        "damage_condition": {
            "type": "origins:or",
            "conditions": [
                {
                    "type": "origins:name",
                    "name": "flyIntoWall"
                },
                {
                    "type": "origins:name",
                    "name": "fall"
                }
            ]
        },
        
        "entity_action": {
            "type": "origins:and",
            "actions": [
                {
                    "type": "origins:area_of_effect",
                    "radius": 4,
                    "bientity_action": {
                        "type": "origins:and",
                        "actions": [
                            {
                                "type": "origins:damage",
                                "amount": 7,
                                "source": {
                                    "name": "player"
                                }
                            },
                            {
                                "type": "origins:target_action",
                                "action": {
                                    "type": "origins:execute_command",
                                    "command": "execute at @s run particle minecraft:crit ~ ~1 ~ 0.5 0 0.5 0 20",
                                    "permission_level": 4
                                }
                            }
                        ]
                    }
                }
            ]
        }
    }
}