{
    "hidden": true,
    "type": "origins:action_over_time",
    "interval": 5,
    "condition": {
        "type": "origins:on_block",
        "block_condition": {
            "type": "origins:in_tag",
            "tag": "apoli:material/solid_organic"
        }
    },
    "rising_action": {
        "type": "origins:if_else",
        "condition": {
            "type": "origins:command",
            "command": "execute if score @s hasHome = .hasHome hasHome",
            "comparison": "!=",
            "compare_to": 1
        },
        "else_action": {
            "type": "origins:revoke_power",
            "source": "dryad:dryad",
            "power": "*:*"
        },
        "if_action": {
            "type": "origins:and",
            "actions": [
                {
                    "type": "origins:block_action_at",
                    "block_action": {
                        "type": "origins:set_block",
                        "block": "minecraft:oak_sapling"
                    }
                },
                {
                    "type": "origins:and",
                    "actions": [
                        {
                            "type": "origins:execute_command",
                            "command": "tag @s add sethome"
                        },
                        {
                            "type": "origins:delay",
                            "ticks": 2,
                            "action": {
                                "type": "origins:execute_command",
                                "command": "function dryad:dosethome"
                            }
                        }
                    ]
                },
                {
                    "type": "origins:block_action_at",
                    "block_action": {
                        "type": "origins:bonemeal",
                        "effects": false
                    }
                },
                {
                    "type": "origins:block_action_at",
                    "block_action": {
                        "type": "origins:bonemeal",
                        "effects": false
                    }
                },
                {
                    "type": "origins:block_action_at",
                    "block_action": {
                        "type": "origins:bonemeal",
                        "effects": false
                    }
                },
                {
                    "type": "origins:block_action_at",
                    "block_action": {
                        "type": "origins:bonemeal",
                        "effects": false
                    }
                },
                {
                    "type": "origins:block_action_at",
                    "block_action": {
                        "type": "origins:bonemeal",
                        "effects": false
                    }
                },
                {
                    "type": "origins:block_action_at",
                    "block_action": {
                        "type": "origins:bonemeal",
                        "effects": false
                    }
                },
                {
                    "type": "origins:block_action_at",
                    "block_action": {
                        "type": "origins:bonemeal",
                        "effects": false
                    }
                },
                {
                    "type": "origins:block_action_at",
                    "block_action": {
                        "type": "origins:bonemeal",
                        "effects": false
                    }
                },
                {
                    "type": "origins:block_action_at",
                    "block_action": {
                        "type": "origins:bonemeal",
                        "effects": false
                    }
                },
                {
                    "type": "origins:block_action_at",
                    "block_action": {
                        "type": "origins:bonemeal",
                        "effects": false
                    }
                },
                {
                    "type": "origins:block_action_at",
                    "block_action": {
                        "type": "origins:bonemeal",
                        "effects": false
                    }
                },
                {
                    "type": "origins:revoke_power",
                    "source": "dryad:dryad",
                    "power": "*:*"
                }
            ]
        }
    }
}