{
    "name": "Tree Dweller",
	"description": "You spawn in a tree. That tree is your home and your life is tied to it. Protect it!",
    "type": "origins:multiple",
    "hidden": false,
    "forest": {
        "type": "origins:modify_player_spawn",
        "biome": "minecraft:forest",
        "dimension": "minecraft:overworld"
    },
    "spawn": {
        "type": "origins:action_on_callback",
        "entity_action_respawned": {
            "type": "origins:and",
            "actions": [
                {
                    "type": "origins:grant_power",
                    "source": "dryad:dryad",
                    "power": "*:placetree"
                }
            ]
        },
        "entity_action_chosen": {
            "type": "origins:and",
            "actions": [
                {
                    "type": "origins:grant_power",
                    "source": "dryad:dryad",
                    "power": "*:placetree"
                }
            ]
        }
    },
    "load": {
        "type": "origins:action_on_callback",
        "entity_action_chosen": {
            "type": "origins:execute_command",
            "command": "function dryad:load"
        },
        "entity_action_lost": {
            "type": "origins:and",
            "actions": [
                {
                    "type": "origins:execute_command",
                    "command": "tag @s add clearhome"
                },
                {
                    "type": "origins:delay",
                    "ticks": 2,
                    "action": {
                        "type": "origins:execute_command",
                        "command": "function dryad:doclearhome"
                    }
                }
            ]
        }
    },
    "link": {
        "type": "origins:action_over_time",
        "interval": 100,
        "entity_action": {
            "type": "origins:and",
            "actions": [
                {
                    "type": "origins:execute_command",
                    "command": "tag @s add homeself"
                },
                {
                    "type": "origins:if_else",
                    "condition": {
                        "type": "origins:and",
                        "conditions": [
                            {
                                "type": "origins:command",
                                "command": "execute if score @s hasHome = .hasHome hasHome",
                                "comparison": "==",
                                "compare_to": 1
                            },
                            {
                                "type": "origins:command",
                                "command": "execute as @e[type=minecraft:armor_stand] if score @s HomeUUID_1 = @p[tag=homeself] selfHomeUUID_1 if score @s HomeUUID_2 = @p[tag=homeself] selfHomeUUID_2 if score @s HomeUUID_3 = @p[tag=homeself] selfHomeUUID_3 if score @s HomeUUID_4 = @p[tag=homeself] selfHomeUUID_4 at @s if block ~ ~ ~ #apoli:material/wood",
                                "comparison": "!=",
                                "compare_to": 1
                            }
                        ]
                    },
                    "if_action": {
                        "type": "origins:and",
                        "actions": [
                            {
                                "type": "origins:and",
                                "actions": [
                                    {
                                        "type": "origins:execute_command",
                                        "command": "tag @s add clearhome"
                                    },
                                    {
                                        "type": "origins:delay",
                                        "ticks": 2,
                                        "action": {
                                            "type": "origins:execute_command",
                                            "command": "function dryad:doclearhome"
                                        }
                                    }
                                ]
                            },
                            {
                                "type": "origins:damage",
                                "amount": 1000,
                                "source": {
                                    "bypasses_armor": true,
                                    "magic": true,
                                    "name": "even_more_magic",
                                    "unblockable": true
                                }
                            }
                        ]
                    }
                },
                {
                    "type": "origins:execute_command",
                    "command": "tag @s remove homeself"
                }
                
            ]
        }
    },
    "return": {
        "type": "origins:active_self",
        "entity_action": {
            "type": "origins:and",
            "actions": [
                {
                    "type": "origins:execute_command",
                    "command": "tag @s add runtphome"
                },
                {
                    "type": "origins:execute_command",
                    "command": "function dryad:doruntp"
                }
            ]
        },
        "key": {
            "key": "key.origins.secondary_active"
        }
    },
    "particle": {
        "type": "origins:action_over_time",
        "interval": 100,
        "entity_action": {
            "type": "origins:execute_command",
            "command": "function dryad:particles"
        }
    }
}