{
    "name": "Fey Creature",
    "description": "You take significantly less damage while your tree is living, but you cannot wear armor.",
    "type": "origins:multiple",
    "tree": {
        "type": "origins:modify_damage_taken",
        "modifier": {
            "operation": "multiply_total_multiplicative",
            "value": -0.8
        }
    },
    "restrict": {
        "type": "origins:restrict_armor",
        "head": {
            "type": "origins:ingredient",
            "ingredient": {
                "item": "minecraft:turtle_helmet"
            },
            "inverted": true
        },
        "chest": {
            "type": "origins:ingredient",
            "ingredient": {
                "item": "minecraft:elytra"
            },
            "inverted": true
        },
        "legs": {
            "type": "origins:armor_value",
            "comparison": ">=",
            "compare_to": 0
        },
        "feet": {
            "type": "origins:armor_value",
            "comparison": ">=",
            "compare_to": 0
        }
    }
}