{
    "name": "Step of Flame",
	"description": "You can use your [Primary] to superheat your body, seting ablaze every block you step on.",
    "type": "origins:multiple",
    "hidden": false,
    "timer": {
        "type": "origins:resource",
        "min": 0,
        "max": 50,
        "hud_render": {
            "should_render": true,
            "sprite_location":"origins:textures/gui/community/huang/resource_bar_02.png",
            "bar_index": 15
        }
    },
    "toggle": {
        "type": "origins:toggle",
        "key": {
            "key": "key.origins.primary_active"
        },
        "active_by_default": false,
        "condition": {
            "type": "origins:resource",
            "resource": "*:*_timer",
            "comparison": ">=",
            "compare_to": 1
        }
    },
    "fire": {
        "type": "origins:action_over_time",
        "interval": 2,
        "entity_action": {
            "type": "origins:execute_command",
            "command": "fill ~ ~ ~ ~ ~ ~ minecraft:fire replace minecraft:air"
        },
        "condition": {
            "type": "origins:power_active",
            "power": "*:*_toggle"
        }
    },
    "trigger": {
        "type": "origins:action_over_time",
        "interval": 2,
        "entity_action": {
            "type": "origins:if_else",
            "condition": {
                "type": "origins:power_active",
                "power": "*:*_toggle"
            },
            "if_action": {
                "type": "origins:change_resource",
                "resource":"*:*_timer",
                "operation": "add",
                "change": -1
            },
            "else_action": {
                "type": "origins:change_resource",
                "resource":"*:*_timer",
                "operation": "add",
                "change": 1
            }
        }
    }
}