{
    "name": "Magical Strength",
	"description": "You can press [Primary] to gain a variety of buffs for a limited time. (3 charges)",
    "type": "origins:multiple",
    "hidden": false,
    "buffcharges": {
        "type": "origins:resource",
        "min": 0,
        "max": 3,
        "start_value": 3,
        "hud_render": {
            "should_render": true,
            "bar_index": 14,
            "sprite_location": "origins:textures/gui/community/huang/resource_bar_01.png"
        }
    },
    "reset": {
        "type": "origins:action_over_time",
        "interval": 9600,
        "condition": {
            "type": "origins:and",
            "conditions": [
                {
                    "type": "origins:resource",
                    "resource": "*:*_buffcharges",
                    "compare_to": 3,
                    "comparison": "<"
                }
            ]
        },
        "rising_action": {
            "type": "origins:change_resource",
            "resource": "*:*_buffcharges",
            "operation": "set",
            "change": 3
        }
    },
    "buff": {
        "type": "origins:active_self",
        "cooldown": 1200,
        "key": {
            "key": "key.origins.primary_active"
        },
        "condition": {
            "type": "origins:resource",
                    "resource": "*:*_buffcharges",
                    "compare_to": 0,
                    "comparison": ">"
        },
        "entity_action": {
            "type": "origins:and",
            "actions": [
                {
                    "type": "origins:execute_command",
                    "command": "effect give DaArchitects minecraft:jump_boost 60 4 true"
                },
                {
                    "type": "origins:execute_command",
                    "command": "effect give DaArchitects minecraft:invisibility 60 1 true"
                },
                {
                    "type": "origins:change_resource",
                    "change": -1,
                    "operation": "add",
                    "resource": "*:*_buffcharges"
                }
            ]
        }
    }
}