{
    "name": "Astral Invaders",
    "description": "When you fall in the end you teleport to the overworld for a 1 full day.",
    "type": "origins:multiple",
    "timer":{
        "type": "origins:cooldown",
        "hud_render": {
            "should_render": true,
            "sprite_location": "origins:textures/gui/community/huang/resource_bar_01.png",
            "bar_index": 0
        },
        "cooldown": 28800
    },
    "fall": {
        "type": "origins:action_over_time",
        "interval": 2,
        "condition": {
            "type": "origins:and",
            "conditions": [
                {
                    "type": "origins:in_block",
                    "block_condition": {
                        "type": "origins:height",
                        "comparison": "<=",
                        "compare_to": -50
                    }
                },
                {
                    "type": "origins:dimension",
                    "dimension": "minecraft:the_end"
                }
            ]
        },
        "entity_action": {
            "type": "origins:and",
            "actions": [
                {
                    "type": "origins:execute_command",
                    "command": "effect give @s minecraft:resistance 5 5"
                },
                {
                    "type": "origins:execute_command",
                    "command": "execute in minecraft:overworld run spreadplayers ~ ~ 0 60 false @s"
                },
                {
                    "type": "origins:trigger_cooldown",
                    "power": "*:*_timer"
                }
            ]
        }
    },
    "return": {
        "type": "origins:action_over_time",
        "interval": 10,
        "condition": {
            "type": "origins:and",
            "conditions": [
                {
                    "type": "origins:dimension",
                    "dimension": "minecraft:the_end",
                    "inverted": true
                },
                {
                    "type": "origins:resource",
                    "resource": "*:*_timer",
                    "compare_to": 0,
                    "comparison": "=="
                }
            ]
        },
        "entity_action": {
            "type": "origins:execute_command",
            "command": "execute in minecraft:the_end run spreadplayers ~ ~ 0 100 false @s"
        }
    }
}