{
    "name": "Misty Step",
	"description": "You can press [Secondary] to teleport to a location you can see(50 blocks). (5 charges)",
    "type": "origins:multiple",
    "hidden": false,
    "tpcharges": {
        "type": "origins:resource",
        "min": 0,
        "max": 5,
        "start_value": 5,
        "hud_render": {
            "should_render": true,
            "bar_index": 6,
            "sprite_location": "origins:textures/gui/resource_bar.png"
        }
    },
    "reset": {
        "type": "origins:action_over_time",
        "interval": 6000,
        "condition": {
            "type": "origins:and",
            "conditions": [
                {
                    "type": "origins:resource",
                    "resource": "*:*_tpcharges",
                    "compare_to": 5,
                    "comparison": "<"
                }
            ]
        },
        "rising_action": {
            "type": "origins:change_resource",
            "resource": "*:*_tpcharges",
            "operation": "set",
            "change": 5
        }
    },
    "teleport": {
        "type": "origins:active_self",
        "cooldown": 20,
        "key": {
            "key": "key.origins.secondary_active"
        },
        "condition": {
            "type": "origins:and",
            "conditions": [
                {
                    "type": "origins:resource",
                    "resource": "*:*_tpcharges",
                    "compare_to": 0,
                    "comparison": ">"
                },
                {
                    "type": "origins:raycast",
                    "block": true,
                    "distance": 50,
                    "block_condition": {
                        "type": "origins:block",
                        "block": "minecraft:air",
                        "inverted": true
                    }
                }
            ]
        },
        "entity_action": {
            "type": "origins:and",
            "actions": [
                {
                    "type": "origins:raycast",
                    "command_at_hit": "tp @s ~ ~ ~",
                    "distance": 50
                },
                {
                    "type": "origins:change_resource",
                    "change": -1,
                    "operation": "add",
                    "resource": "*:*_tpcharges"
                }
            ]
        }
    }
}