{
    "name": "Gemstone Food",
    "description": "You can only eat gems and minerals.",
    "type": "origins:multiple",
    "eat": {
        "type": "origins:active_self",
        "key": {
            "key": "key.use",
            "continuous": true
        },
        "cooldown": 25,
        "entity_action": {
            "type": "origins:if_else_list",
            "actions": [
                {
                    "condition": {
                        "type": "origins:equipped_item",
                        "equipment_slot": "mainhand",
                        "item_condition": {
                            "type": "origins:ingredient",
                            "ingredient": {
                                "item": "minecraft:iron_nugget"
                            }
                        }
                    },
                    "action": {
                        "type": "origins:and",
                        "actions": [
                            {
                                "type": "origins:feed",
                                "food": 1,
                                "saturation": 0
                            },
                            {
                                "type": "origins:equipped_item_action",
                                "equipment_slot": "mainhand",
                                "action": {
                                    "type": "origins:consume",
                                    "amount": 1
                                }
                            }
                        ]
                    }
                },
                {
                    "condition": {
                        "type": "origins:equipped_item",
                        "equipment_slot": "mainhand",
                        "item_condition": {
                            "type": "origins:ingredient",
                            "ingredient": {
                                "item": "minecraft:gold_nugget"
                            }
                        }
                    },
                    "action": {
                        "type": "origins:and",
                        "actions": [
                            {
                                "type": "origins:feed",
                                "food": 1,
                                "saturation": 0
                            },
                            {
                                "type": "origins:equipped_item_action",
                                "equipment_slot": "mainhand",
                                "action": {
                                    "type": "origins:consume",
                                    "amount": 1
                                }
                            }
                        ]
                    }
                },
                {
                    "condition": {
                        "type": "origins:equipped_item",
                        "equipment_slot": "mainhand",
                        "item_condition": {
                            "type": "origins:ingredient",
                            "ingredient": {
                                "item": "minecraft:raw_iron"
                            }
                        }
                    },
                    "action": {
                        "type": "origins:and",
                        "actions": [
                            {
                                "type": "origins:feed",
                                "food": 2,
                                "saturation": 3
                            },
                            {
                                "type": "origins:equipped_item_action",
                                "equipment_slot": "mainhand",
                                "action": {
                                    "type": "origins:consume",
                                    "amount": 1
                                }
                            }
                        ]
                    }
                },
                {
                    "condition": {
                        "type": "origins:equipped_item",
                        "equipment_slot": "mainhand",
                        "item_condition": {
                            "type": "origins:ingredient",
                            "ingredient": {
                                "item": "minecraft:raw_copper"
                            }
                        }
                    },
                    "action": {
                        "type": "origins:and",
                        "actions": [
                            {
                                "type": "origins:feed",
                                "food": 2,
                                "saturation": 2
                            },
                            {
                                "type": "origins:equipped_item_action",
                                "equipment_slot": "mainhand",
                                "action": {
                                    "type": "origins:consume",
                                    "amount": 1
                                }
                            }
                        ]
                    }
                },
                {
                    "condition": {
                        "type": "origins:equipped_item",
                        "equipment_slot": "mainhand",
                        "item_condition": {
                            "type": "origins:ingredient",
                            "ingredient": {
                                "item": "minecraft:raw_gold"
                            }
                        }
                    },
                    "action": {
                        "type": "origins:and",
                        "actions": [
                            {
                                "type": "origins:feed",
                                "food": 2,
                                "saturation": 4
                            },
                            {
                                "type": "origins:equipped_item_action",
                                "equipment_slot": "mainhand",
                                "action": {
                                    "type": "origins:consume",
                                    "amount": 1
                                }
                            }
                        ]
                    }
                },
                {
                    "condition": {
                        "type": "origins:equipped_item",
                        "equipment_slot": "mainhand",
                        "item_condition": {
                            "type": "origins:ingredient",
                            "ingredient": {
                                "item": "minecraft:iron_ingot"
                            }
                        }
                    },
                    "action": {
                        "type": "origins:and",
                        "actions": [
                            {
                                "type": "origins:feed",
                                "food": 6,
                                "saturation": 9
                            },
                            {
                                "type": "origins:equipped_item_action",
                                "equipment_slot": "mainhand",
                                "action": {
                                    "type": "origins:consume",
                                    "amount": 1
                                }
                            }
                        ]
                    }
                },
                {
                    "condition": {
                        "type": "origins:equipped_item",
                        "equipment_slot": "mainhand",
                        "item_condition": {
                            "type": "origins:ingredient",
                            "ingredient": {
                                "item": "minecraft:copper_ingot"
                            }
                        }
                    },
                    "action": {
                        "type": "origins:and",
                        "actions": [
                            {
                                "type": "origins:feed",
                                "food": 5,
                                "saturation": 6
                            },
                            {
                                "type": "origins:equipped_item_action",
                                "equipment_slot": "mainhand",
                                "action": {
                                    "type": "origins:consume",
                                    "amount": 1
                                }
                            }
                        ]
                    }
                },
                {
                    "condition": {
                        "type": "origins:equipped_item",
                        "equipment_slot": "mainhand",
                        "item_condition": {
                            "type": "origins:ingredient",
                            "ingredient": {
                                "item": "minecraft:gold_ingot"
                            }
                        }
                    },
                    "action": {
                        "type": "origins:and",
                        "actions": [
                            {
                                "type": "origins:feed",
                                "food": 8,
                                "saturation": 12
                            },
                            {
                                "type": "origins:equipped_item_action",
                                "equipment_slot": "mainhand",
                                "action": {
                                    "type": "origins:consume",
                                    "amount": 1
                                }
                            }
                        ]
                    }
                },
                {
                    "condition": {
                        "type": "origins:equipped_item",
                        "equipment_slot": "mainhand",
                        "item_condition": {
                            "type": "origins:ingredient",
                            "ingredient": {
                                "item": "minecraft:raw_iron_block"
                            }
                        }
                    },
                    "action": {
                        "type": "origins:and",
                        "actions": [
                            {
                                "type": "origins:feed",
                                "food": 20,
                                "saturation": 20
                            },
                            {
                                "type": "origins:equipped_item_action",
                                "equipment_slot": "mainhand",
                                "action": {
                                    "type": "origins:consume",
                                    "amount": 1
                                }
                            }
                        ]
                    }
                },
                {
                    "condition": {
                        "type": "origins:equipped_item",
                        "equipment_slot": "mainhand",
                        "item_condition": {
                            "type": "origins:ingredient",
                            "ingredient": {
                                "item": "minecraft:raw_copper_block"
                            }
                        }
                    },
                    "action": {
                        "type": "origins:and",
                        "actions": [
                            {
                                "type": "origins:feed",
                                "food": 20,
                                "saturation": 20
                            },
                            {
                                "type": "origins:equipped_item_action",
                                "equipment_slot": "mainhand",
                                "action": {
                                    "type": "origins:consume",
                                    "amount": 1
                                }
                            }
                        ]
                    }
                },
                {
                    "condition": {
                        "type": "origins:equipped_item",
                        "equipment_slot": "mainhand",
                        "item_condition": {
                            "type": "origins:ingredient",
                            "ingredient": {
                                "item": "minecraft:raw_gold_block"
                            }
                        }
                    },
                    "action": {
                        "type": "origins:and",
                        "actions": [
                            {
                                "type": "origins:feed",
                                "food": 20,
                                "saturation": 20
                            },
                            {
                                "type": "origins:equipped_item_action",
                                "equipment_slot": "mainhand",
                                "action": {
                                    "type": "origins:consume",
                                    "amount": 1
                                }
                            }
                        ]
                    }
                },
                {
                    "condition": {
                        "type": "origins:equipped_item",
                        "equipment_slot": "mainhand",
                        "item_condition": {
                            "type": "origins:ingredient",
                            "ingredient": {
                                "item": "minecraft:iron_block"
                            }
                        }
                    },
                    "action": {
                        "type": "origins:and",
                        "actions": [
                            {
                                "type": "origins:feed",
                                "food": 20,
                                "saturation": 20
                            },
                            {
                                "type": "origins:apply_effect",
                                "effect": {
                                    "effect": "minecraft:resistance",
                                    "amplifier": 2,
                                    "duration": 400,
                                    "is_ambient": false,
                                    "show_icon": true,
                                    "show_particles": true
                                }
                            },
                            {
                                "type": "origins:equipped_item_action",
                                "equipment_slot": "mainhand",
                                "action": {
                                    "type": "origins:consume",
                                    "amount": 1
                                }
                            }
                        ]
                    }
                },
                {
                    "condition": {
                        "type": "origins:equipped_item",
                        "equipment_slot": "mainhand",
                        "item_condition": {
                            "type": "origins:ingredient",
                            "ingredient": {
                                "item": "minecraft:copper_block"
                            }
                        }
                    },
                    "action": {
                        "type": "origins:and",
                        "actions": [
                            {
                                "type": "origins:feed",
                                "food": 20,
                                "saturation": 20
                            },
                            {
                                "type": "origins:apply_effect",
                                "effect": {
                                    "effect": "minecraft:speed",
                                    "amplifier": 1,
                                    "duration": 100,
                                    "is_ambient": false,
                                    "show_icon": true,
                                    "show_particles": true
                                }
                            },
                            {
                                "type": "origins:equipped_item_action",
                                "equipment_slot": "mainhand",
                                "action": {
                                    "type": "origins:consume",
                                    "amount": 1
                                }
                            }
                        ]
                    }
                },
                {
                    "condition": {
                        "type": "origins:equipped_item",
                        "equipment_slot": "mainhand",
                        "item_condition": {
                            "type": "origins:ingredient",
                            "ingredient": {
                                "item": "minecraft:gold_block"
                            }
                        }
                    },
                    "action": {
                        "type": "origins:and",
                        "actions": [
                            {
                                "type": "origins:feed",
                                "food": 20,
                                "saturation": 20
                            },
                            {
                                "type": "origins:apply_effect",
                                "effect": {
                                    "effect": "minecraft:regeneration",
                                    "amplifier": 2,
                                    "duration": 100,
                                    "is_ambient": false,
                                    "show_icon": true,
                                    "show_particles": true
                                }
                            },
                            {
                                "type": "origins:equipped_item_action",
                                "equipment_slot": "mainhand",
                                "action": {
                                    "type": "origins:consume",
                                    "amount": 1
                                }
                            }
                        ]
                    }
                },
                {
                    "condition": {
                        "type": "origins:equipped_item",
                        "equipment_slot": "mainhand",
                        "item_condition": {
                            "type": "origins:ingredient",
                            "ingredient": {
                                "item": "minecraft:lapis_lazuli"
                            }
                        }
                    },
                    "action": {
                        "type": "origins:and",
                        "actions": [
                            {
                                "type": "origins:feed",
                                "food": 1,
                                "saturation": 1
                            },
                            {
                                "type": "origins:add_xp",
                                "points": 10
                            },
                            {
                                "type": "origins:equipped_item_action",
                                "equipment_slot": "mainhand",
                                "action": {
                                    "type": "origins:consume",
                                    "amount": 1
                                }
                            }
                        ]
                    }
                },
                {
                    "condition": {
                        "type": "origins:equipped_item",
                        "equipment_slot": "mainhand",
                        "item_condition": {
                            "type": "origins:ingredient",
                            "ingredient": {
                                "item": "minecraft:lapis_block"
                            }
                        }
                    },
                    "action": {
                        "type": "origins:and",
                        "actions": [
                            {
                                "type": "origins:feed",
                                "food": 1,
                                "saturation": 1
                            },
                            {
                                "type": "origins:add_xp",
                                "points": 200
                            },
                            {
                                "type": "origins:equipped_item_action",
                                "equipment_slot": "mainhand",
                                "action": {
                                    "type": "origins:consume",
                                    "amount": 1
                                }
                            }
                        ]
                    }
                },
                {
                    "condition": {
                        "type": "origins:equipped_item",
                        "equipment_slot": "mainhand",
                        "item_condition": {
                            "type": "origins:ingredient",
                            "ingredient": {
                                "item": "minecraft:quartz"
                            }
                        }
                    },
                    "action": {
                        "type": "origins:and",
                        "actions": [
                            {
                                "type": "origins:feed",
                                "food": 2,
                                "saturation": 2
                            },
                            {
                                "type": "origins:apply_effect",
                                "effect": {
                                    "effect": "minecraft:fire_resistance",
                                    "amplifier": 0,
                                    "duration": 200,
                                    "is_ambient": false,
                                    "show_icon": true,
                                    "show_particles": true
                                }
                            },
                            {
                                "type": "origins:equipped_item_action",
                                "equipment_slot": "mainhand",
                                "action": {
                                    "type": "origins:consume",
                                    "amount": 1
                                }
                            }
                        ]
                    }
                },
                {
                    "condition": {
                        "type": "origins:equipped_item",
                        "equipment_slot": "mainhand",
                        "item_condition": {
                            "type": "origins:ingredient",
                            "ingredient": {
                                "item": "minecraft:quartz_block"
                            }
                        }
                    },
                    "action": {
                        "type": "origins:and",
                        "actions": [
                            {
                                "type": "origins:feed",
                                "food": 2,
                                "saturation": 2
                            },
                            {
                                "type": "origins:apply_effect",
                                "effect": {
                                    "effect": "minecraft:fire_resistance",
                                    "amplifier": 0,
                                    "duration": 1200,
                                    "is_ambient": false,
                                    "show_icon": true,
                                    "show_particles": true
                                }
                            },
                            {
                                "type": "origins:equipped_item_action",
                                "equipment_slot": "mainhand",
                                "action": {
                                    "type": "origins:consume",
                                    "amount": 1
                                }
                            }
                        ]
                    }
                },
                {
                    "condition": {
                        "type": "origins:equipped_item",
                        "equipment_slot": "mainhand",
                        "item_condition": {
                            "type": "origins:ingredient",
                            "ingredient": {
                                "item": "minecraft:amethyst_shard"
                            }
                        }
                    },
                    "action": {
                        "type": "origins:and",
                        "actions": [
                            {
                                "type": "origins:feed",
                                "food": 2,
                                "saturation": 2
                            },
                            {
                                "type": "origins:apply_effect",
                                "effect": {
                                    "effect": "minecraft:strength",
                                    "amplifier": 0,
                                    "duration": 200,
                                    "is_ambient": false,
                                    "show_icon": true,
                                    "show_particles": true
                                }
                            },
                            {
                                "type": "origins:equipped_item_action",
                                "equipment_slot": "mainhand",
                                "action": {
                                    "type": "origins:consume",
                                    "amount": 1
                                }
                            }
                        ]
                    }
                },
                {
                    "condition": {
                        "type": "origins:equipped_item",
                        "equipment_slot": "mainhand",
                        "item_condition": {
                            "type": "origins:ingredient",
                            "ingredient": {
                                "item": "minecraft:amethyst_block"
                            }
                        }
                    },
                    "action": {
                        "type": "origins:and",
                        "actions": [
                            {
                                "type": "origins:feed",
                                "food": 2,
                                "saturation": 2
                            },
                            {
                                "type": "origins:apply_effect",
                                "effect": {
                                    "effect": "minecraft:strength",
                                    "amplifier": 3,
                                    "duration": 200,
                                    "is_ambient": false,
                                    "show_icon": true,
                                    "show_particles": true
                                }
                            },
                            {
                                "type": "origins:equipped_item_action",
                                "equipment_slot": "mainhand",
                                "action": {
                                    "type": "origins:consume",
                                    "amount": 1
                                }
                            }
                        ]
                    }
                },
                {
                    "condition": {
                        "type": "origins:equipped_item",
                        "equipment_slot": "mainhand",
                        "item_condition": {
                            "type": "origins:ingredient",
                            "ingredient": {
                                "item": "minecraft:diamond"
                            }
                        }
                    },
                    "action": {
                        "type": "origins:and",
                        "actions": [
                            {
                                "type": "origins:feed",
                                "food": 10,
                                "saturation": 15
                            },
                            {
                                "type": "origins:apply_effect",
                                "effect": {
                                    "effect": "minecraft:strength",
                                    "amplifier": 0,
                                    "duration": 200,
                                    "is_ambient": false,
                                    "show_icon": true,
                                    "show_particles": true
                                }
                            },
                            {
                                "type": "origins:apply_effect",
                                "effect": {
                                    "effect": "minecraft:resistance",
                                    "amplifier": 0,
                                    "duration": 200,
                                    "is_ambient": false,
                                    "show_icon": true,
                                    "show_particles": true
                                }
                            },
                            {
                                "type": "origins:apply_effect",
                                "effect": {
                                    "effect": "minecraft:speed",
                                    "amplifier": 0,
                                    "duration": 200,
                                    "is_ambient": false,
                                    "show_icon": true,
                                    "show_particles": true
                                }
                            },
                            {
                                "type": "origins:equipped_item_action",
                                "equipment_slot": "mainhand",
                                "action": {
                                    "type": "origins:consume",
                                    "amount": 1
                                }
                            }
                        ]
                    }
                },
                {
                    "condition": {
                        "type": "origins:equipped_item",
                        "equipment_slot": "mainhand",
                        "item_condition": {
                            "type": "origins:ingredient",
                            "ingredient": {
                                "item": "minecraft:diamond_block"
                            }
                        }
                    },
                    "action": {
                        "type": "origins:and",
                        "actions": [
                            {
                                "type": "origins:feed",
                                "food": 30,
                                "saturation": 30
                            },
                            {
                                "type": "origins:apply_effect",
                                "effect": {
                                    "effect": "minecraft:strength",
                                    "amplifier": 4,
                                    "duration": 1200,
                                    "is_ambient": false,
                                    "show_icon": true,
                                    "show_particles": true
                                }
                            },
                            {
                                "type": "origins:apply_effect",
                                "effect": {
                                    "effect": "minecraft:resistance",
                                    "amplifier": 2,
                                    "duration": 1200,
                                    "is_ambient": false,
                                    "show_icon": true,
                                    "show_particles": true
                                }
                            },
                            {
                                "type": "origins:apply_effect",
                                "effect": {
                                    "effect": "minecraft:speed",
                                    "amplifier": 2,
                                    "duration": 1200,
                                    "is_ambient": false,
                                    "show_icon": true,
                                    "show_particles": true
                                }
                            },
                            {
                                "type": "origins:equipped_item_action",
                                "equipment_slot": "mainhand",
                                "action": {
                                    "type": "origins:consume",
                                    "amount": 1
                                }
                            }
                        ]
                    }
                },
                {
                    "condition": {
                        "type": "origins:equipped_item",
                        "equipment_slot": "mainhand",
                        "item_condition": {
                            "type": "origins:ingredient",
                            "ingredient": {
                                "item": "minecraft:emerald"
                            }
                        }
                    },
                    "action": {
                        "type": "origins:and",
                        "actions": [
                            {
                                "type": "origins:feed",
                                "food": 6,
                                "saturation": 14
                            },
                            {
                                "type": "origins:equipped_item_action",
                                "equipment_slot": "mainhand",
                                "action": {
                                    "type": "origins:consume",
                                    "amount": 1
                                }
                            }
                        ]
                    }
                },
                {
                    "condition": {
                        "type": "origins:equipped_item",
                        "equipment_slot": "mainhand",
                        "item_condition": {
                            "type": "origins:ingredient",
                            "ingredient": {
                                "item": "minecraft:emerald_block"
                            }
                        }
                    },
                    "action": {
                        "type": "origins:and",
                        "actions": [
                            {
                                "type": "origins:feed",
                                "food": 6,
                                "saturation": 14
                            },
                            {
                                "type": "origins:spawn_effect_cloud",
                                "radius": 3,
                                "effect": {
                                    "effect": "minecraft:hero_of_the_village",
                                    "amplifier": 2,
                                    "duration": 1200,
                                    "is_ambient": false,
                                    "show_icon": true,
                                    "show_particles": true
                                },
                                "wait_time": 10
                            },
                            {
                                "type": "origins:equipped_item_action",
                                "equipment_slot": "mainhand",
                                "action": {
                                    "type": "origins:consume",
                                    "amount": 1
                                }
                            }
                        ]
                    }
                },
                {
                    "condition": {
                        "type": "origins:equipped_item",
                        "equipment_slot": "mainhand",
                        "item_condition": {
                            "type": "origins:ingredient",
                            "ingredient": {
                                "item": "minecraft:echo_shard"
                            }
                        }
                    },
                    "action": {
                        "type": "origins:and",
                        "actions": [
                            {
                                "type": "origins:feed",
                                "food": 8,
                                "saturation": 15
                            },
                            {
                                "type": "origins:apply_effect",
                                "effect": {
                                    "effect": "minecraft:luck",
                                    "amplifier": 2,
                                    "duration": 1200,
                                    "is_ambient": false,
                                    "show_icon": true,
                                    "show_particles": true
                                }
                            },
                            {
                                "type": "origins:equipped_item_action",
                                "equipment_slot": "mainhand",
                                "action": {
                                    "type": "origins:consume",
                                    "amount": 1
                                }
                            }
                        ]
                    }
                },
                {
                    "condition": {
                        "type": "origins:equipped_item",
                        "equipment_slot": "mainhand",
                        "item_condition": {
                            "type": "origins:ingredient",
                            "ingredient": {
                                "item": "minecraft:netherite_scrap"
                            }
                        }
                    },
                    "action": {
                        "type": "origins:and",
                        "actions": [
                            {
                                "type": "origins:feed",
                                "food": 10,
                                "saturation": 15
                            },
                            {
                                "type": "origins:apply_effect",
                                "effect": {
                                    "effect": "minecraft:strength",
                                    "amplifier": 0,
                                    "duration": 600,
                                    "is_ambient": false,
                                    "show_icon": true,
                                    "show_particles": true
                                }
                            },
                            {
                                "type": "origins:apply_effect",
                                "effect": {
                                    "effect": "minecraft:resistance",
                                    "amplifier": 0,
                                    "duration": 600,
                                    "is_ambient": false,
                                    "show_icon": true,
                                    "show_particles": true
                                }
                            },
                            {
                                "type": "origins:apply_effect",
                                "effect": {
                                    "effect": "minecraft:speed",
                                    "amplifier": 0,
                                    "duration": 600,
                                    "is_ambient": false,
                                    "show_icon": true,
                                    "show_particles": true
                                }
                            },
                            {
                                "type": "origins:apply_effect",
                                "effect": {
                                    "effect": "minecraft:fire_resistance",
                                    "amplifier": 0,
                                    "duration": 600,
                                    "is_ambient": false,
                                    "show_icon": true,
                                    "show_particles": true
                                }
                            },
                            {
                                "type": "origins:apply_effect",
                                "effect": {
                                    "effect": "minecraft:absorption",
                                    "amplifier": 0,
                                    "duration": 600,
                                    "is_ambient": false,
                                    "show_icon": true,
                                    "show_particles": true
                                }
                            },
                            {
                                "type": "origins:apply_effect",
                                "effect": {
                                    "effect": "minecraft:regeneration",
                                    "amplifier": 0,
                                    "duration": 600,
                                    "is_ambient": false,
                                    "show_icon": true,
                                    "show_particles": true
                                }
                            },
                            {
                                "type": "origins:equipped_item_action",
                                "equipment_slot": "mainhand",
                                "action": {
                                    "type": "origins:consume",
                                    "amount": 1
                                }
                            }
                        ]
                    }
                },
                {
                    "condition": {
                        "type": "origins:equipped_item",
                        "equipment_slot": "mainhand",
                        "item_condition": {
                            "type": "origins:ingredient",
                            "ingredient": {
                                "item": "minecraft:netherite_block"
                            }
                        }
                    },
                    "action": {
                        "type": "origins:and",
                        "actions": [
                            {
                                "type": "origins:feed",
                                "food": 30,
                                "saturation": 30
                            },
                            {
                                "type": "origins:apply_effect",
                                "effect": {
                                    "effect": "minecraft:strength",
                                    "amplifier": 4,
                                    "duration": 12000,
                                    "is_ambient": false,
                                    "show_icon": true,
                                    "show_particles": true
                                }
                            },
                            {
                                "type": "origins:apply_effect",
                                "effect": {
                                    "effect": "minecraft:resistance",
                                    "amplifier": 3,
                                    "duration": 12000,
                                    "is_ambient": false,
                                    "show_icon": true,
                                    "show_particles": true
                                }
                            },
                            {
                                "type": "origins:apply_effect",
                                "effect": {
                                    "effect": "minecraft:speed",
                                    "amplifier": 1,
                                    "duration": 12000,
                                    "is_ambient": false,
                                    "show_icon": true,
                                    "show_particles": true
                                }
                            },
                            {
                                "type": "origins:apply_effect",
                                "effect": {
                                    "effect": "minecraft:fire_resistance",
                                    "amplifier": 0,
                                    "duration": 12000,
                                    "is_ambient": false,
                                    "show_icon": true,
                                    "show_particles": true
                                }
                            },
                            {
                                "type": "origins:apply_effect",
                                "effect": {
                                    "effect": "minecraft:absorption",
                                    "amplifier": 9,
                                    "duration": 12000,
                                    "is_ambient": false,
                                    "show_icon": true,
                                    "show_particles": true
                                }
                            },
                            {
                                "type": "origins:apply_effect",
                                "effect": {
                                    "effect": "minecraft:regeneration",
                                    "amplifier": 2,
                                    "duration": 12000,
                                    "is_ambient": false,
                                    "show_icon": true,
                                    "show_particles": true
                                }
                            },
                            {
                                "type": "origins:equipped_item_action",
                                "equipment_slot": "mainhand",
                                "action": {
                                    "type": "origins:consume",
                                    "amount": 1
                                }
                            }
                        ]
                    }
                }
            ]
        }
    },
    "sckulk": {
        "type": "origins:prevent_game_event",
        "condition": {
            "type": "origins:status_effect",
            "min_amplifier": 0,
            "effect": "minecraft:luck"
        },
        "events": [
            "minecraft:step",
            "minecraft:swim",
            "minecraft:hit_ground",
            "minecraft:block_change",
            "minecraft:splash",
            "minecraft:block_close",
            "minecraft:block_open",
            "minecraft:block_place",
            "minecraft:fluid_place",
            "minecraft:block_destroy",
            "minecraft:container_close",
            "minecraft:container_open"
        ]
    },
    "nofood": {
        "type": "origins:prevent_item_use",
        "item_condition": {
            "type": "origins:and",
            "conditions": [
                {
                    "type": "origins:food"
                },
                {
                    "type": "origins:ingredient",
                    "ingredient": {
                        "item": "minecraft:golden_apple"
                    },
                    "inverted": true
                },
                {
                    "type": "origins:ingredient",
                    "ingredient": {
                        "item": "minecraft:enchanted_golden_apple"
                    },
                    "inverted": true
                },
                {
                    "type": "origins:ingredient",
                    "ingredient": {
                        "item": "minecraft:golden_carrot"
                    },
                    "inverted": true
                },
                {
                    "type": "origins:ingredient",
                    "ingredient": {
                        "item": "minecraft:chorus_fruit"
                    },
                    "inverted": true
                }
            ]
        }
    }
}