{
    "name": "No Legs",
    "description": "You are very slow on land without legs.",
    "type": "origins:multiple",
    "land":{
        "type": "origins:stacking_status_effect",
        "min_stacks": 0,
        "max_stacks": 10,
        "duration_per_stack": 10,
        "effects": [
            {
                "effect": "minecraft:slowness",
                "amplifier": 2,
                "is_ambient": true,
                "show_particles": false,
                "show_icon": false
            }
            
        ],
        "condition": {
            "type": "origins:submerged_in",
            "fluid": "minecraft:water",
            "inverted": true
        }
    }
}